epoch,learning_rate,loss,loss_main,loss_dn,AP,AP50,AP75,AP_small,AP_medium,AP_large,AR1,AR10,AR100,AR_small,AR_medium,AR_large
1,8.337215937447336e-05,18.27974419862731,10.919036891205813,7.3607072978554875,0.6476672236380551,0.9485579934797074,0.7382449270383035,-1.0,0.24045107166461757,0.6666351589604353,0.3173813538906288,0.7007949891592388,0.7200433630450493,-1.0,0.4134751773049645,0.7365020941743876
2,9.99999999999917e-05,12.92100037229059,7.432804174454751,5.488196192238764,0.678753463542355,0.9617399646179401,0.7814016127763973,-1.0,0.26308242370446794,0.6967602255075414,0.3270537219947,0.7287280173452181,0.7610937123584679,-1.0,0.48936170212765956,0.7756821931717223
3,9.99999999999917e-05,12.395543456454382,7.13946045204536,5.256082998104815,0.6813734491670448,0.9685261887555684,0.7833147560968833,-1.0,0.291807685412547,0.6981835738958052,0.32724644663936403,0.7270537219947001,0.7558419657913756,-1.0,0.49692671394799054,0.7697423530904938
4,9.99999999999917e-05,12.125956608955207,6.980154892180262,5.145801714797647,0.6895695405165716,0.9734631840327841,0.7920214397288646,-1.0,0.3092737174071004,0.7060379653079014,0.328655745603469,0.7356179233919538,0.7643459407371717,-1.0,0.5252955082742317,0.777179845158015
5,9.99999999999917e-05,11.899934841102699,6.851377518028901,5.048557327653562,0.6927076977508215,0.9747257065144511,0.7984557331674597,-1.0,0.31881059016571345,0.7091727800556316,0.32705372199470006,0.7393640086726091,0.7748253432907733,-1.0,0.5444444444444445,0.7871938063205991
6,9.99999999999917e-05,11.797016856238441,6.793035175472671,5.00398167674037,0.6904763112767647,0.9746659659314986,0.7902924933547181,-1.0,0.3172057804119263,0.707006481595708,0.3245121657431944,0.7380390267405444,0.7805468561792338,-1.0,0.5581560283687944,0.7924863561365656
7,9.99999999999917e-05,11.732447017351733,6.760482241051754,4.97196477192783,0.6878868117883725,0.9745119350596314,0.7806767091099588,-1.0,0.31982529983323366,0.704400052852903,0.32124789207419896,0.7364610937123585,0.7874247169356781,-1.0,0.5600472813238772,0.7996319329864197
8,9.99999999999917e-05,11.643954751337255,6.715074503386365,4.9288802530348175,0.6826521159318283,0.9744701287269891,0.7737430407724345,-1.0,0.31955935753315057,0.6991979689388274,0.31977836665863646,0.7340158997831849,0.7844013490725126,-1.0,0.5602836879432624,0.7964335575580657
9,9.99999999999917e-05,11.558673858483923,6.660842847698165,4.897831020739802,0.6838443256933584,0.9739284819439074,0.7771361835189032,-1.0,0.31587046140929553,0.700599165020487,0.32024813298000476,0.7352204288123344,0.7802095880510721,-1.0,0.5486997635933807,0.7926386597283919
10,9.99999999999917e-05,11.42457040608415,6.5882670409806074,4.836303362014577,0.6838287304836491,0.9748884821729914,0.7751077210916556,-1.0,0.31002399615010834,0.7005582948607325,0.3202842688508793,0.7376053962900506,0.7768489520597447,-1.0,0.5491725768321514,0.7890722172864577
11,9.99999999999917e-05,11.362884266367372,6.5505965726654285,4.812287681124828,0.6796822254324054,0.975227479782307,0.7708448588952888,-1.0,0.3143890431007105,0.6963912130293249,0.3178270296314141,0.7352565646832089,0.7729342327150084,-1.0,0.5460992907801419,0.7851123238989719
12,9.99999999999917e-05,11.323957070676048,6.524567285558199,4.7993897970199075,0.678287156077828,0.9753658829985649,0.7685112634378172,-1.0,0.31726056020894117,0.6945986335789829,0.3178029390508311,0.7305107203083595,0.7675981691158758,-1.0,0.5505910165484633,0.7792486356136565
13,9.99999999999917e-05,11.1997445191704,6.4543672516228385,4.7453772712169195,0.6768415695152852,0.9760415630214248,0.7683310964525586,-1.0,0.3178502345616962,0.6928516165386522,0.3182245242110335,0.7285352927005542,0.7671645386653817,-1.0,0.5520094562647754,0.7787155730422642
14,9.99999999999917e-05,11.181804918128309,6.436168117993134,4.745636804541411,0.6779185208327377,0.9757842867482177,0.7701469049998108,-1.0,0.31442955600427025,0.6939989250651312,0.31883883401589974,0.72987231992291,0.7719344736208142,-1.0,0.5465721040189125,0.7840335067902018
15,9.99999999999917e-05,11.177774149374802,6.442538057119423,4.7352360903107735,0.6785134989378663,0.9762611043619956,0.7756355932167607,-1.0,0.31263127159219156,0.6948143084861944,0.3183329318236569,0.7310888942423512,0.7717778848470249,-1.0,0.5420803782505911,0.7841096585861149
16,9.99999999999917e-05,11.09767995470079,6.384129087690736,4.713550867294207,0.6779516540986473,0.977210682022514,0.7720257019791107,-1.0,0.32298657490916816,0.6940082273695384,0.31656227415080707,0.7284268850879305,0.7704890387858347,-1.0,0.5397163120567376,0.7828785378855185
17,9.99999999999917e-05,11.084066834669505,6.3871079032936695,4.696958935869921,0.6756525363150127,0.9764704149186694,0.7715544099184897,-1.0,0.3207800483441768,0.6913770147606653,0.3153336545410744,0.7287882437966755,0.7708744880751626,-1.0,0.557919621749409,0.7823073994161696
18,9.99999999999917e-05,10.972325815969647,6.312115600492202,4.660210215560181,0.6765593243970964,0.9774217616623224,0.7734556481685911,-1.0,0.3249487356074602,0.692444691160121,0.31674295350517945,0.7281859792821007,0.7700313177547579,-1.0,0.5505910165484633,0.7818124127427338
19,9.99999999999917e-05,11.013760551718542,6.344264887040751,4.669495662470567,0.6769245069931289,0.9766167959932087,0.7714052955634828,-1.0,0.32884643612845205,0.6925899577624738,0.31627318718381114,0.7275716694772344,0.7693688267887255,-1.0,0.5652482269503546,0.7803274527224268
20,9.99999999999917e-05,10.918116291714396,6.288082153505857,4.630034139369169,0.6806047052756518,0.9759208043481731,0.7764835655545321,-1.0,0.33376582612061517,0.6964521588912747,0.3179836184052035,0.7289086966995906,0.7740303541315345,-1.0,0.5723404255319149,0.7848584845792613
