epoch,learning_rate,loss,loss_bbox,loss_bbox_aux,loss_bbox_aux_dn,loss_bbox_dn,loss_class,loss_class_aux,loss_class_aux_dn,loss_class_dn,loss_giou,loss_giou_aux,loss_giou_aux_dn,loss_giou_dn,AP,AP50,AP75,AP_small,AP_medium,AP_large,AR1,AR10,AR100,AR_small,AR_medium,AR_large
1,2.1054025e-05,30.544980658803667,0.348918142644245,2.6285349629109813,1.211520069908528,0.23788940485212065,0.6519777139870538,4.722253754238287,4.030927116388367,0.6203483579192488,1.2279860804833116,7.948560577347165,5.7687378542763845,1.1473266535216853,0.31076730962109733,0.5324664024017192,0.31375222518341117,0.11871079729542786,0.36099708168421524,0.6282719399980576,0.22422960814093512,0.4582323627867383,0.5264843228574254,0.35175452575042454,0.586312654057162,0.7905887189654304
2,6.301202499999998e-05,16.028519617943537,0.0846632108402749,0.5298700604942583,0.509460016756895,0.09096636678580017,0.52232318960485,3.54248970917293,2.23353498123941,0.41457746603659223,0.6121599593155441,3.719415079837754,3.169820501690819,0.5992390436608167,0.44084506670032814,0.7087267961373291,0.4525190117724956,0.18029142624200498,0.5047193881501179,0.7715644336502239,0.28327819319767705,0.5288450614879888,0.5765232152519573,0.38223409510927914,0.6520876501386785,0.8300986359015987
3,9.694591428571597e-05,14.726039435749962,0.07678838696641227,0.4877373004066093,0.43218844696169806,0.07705845884490936,0.4949843862581821,3.2073179483413696,2.0437807690529595,0.38970485173520586,0.578425797216949,3.5656286283617926,2.837300216300147,0.535124213869373,0.4790828995583377,0.7579143946849716,0.5050323577124599,0.2190812704630026,0.5498240384468088,0.7619307863077984,0.29540533822450554,0.563348491333747,0.6222218803676157,0.42451415453752256,0.7038548760814841,0.8536450419948673
4,0.00010000000000000164,14.060691406613305,0.07360508882085837,0.47460409000161147,0.39370891441191946,0.06967178933056338,0.47485504877709206,3.057767628062339,1.9735119315839948,0.37727431019856816,0.5548949421693882,3.449977398202533,2.661251583553496,0.4995686939607064,0.49437649176002496,0.7881128936263982,0.5089331913961586,0.22526600324417498,0.5741374817563284,0.8048314142427964,0.30110278352990405,0.5611767800832399,0.6096939709193234,0.42090232532917315,0.6889981457566147,0.8602815172268774
5,0.00010000000000000164,13.806658715861184,0.07099741986908373,0.4588591572074663,0.3834840779680581,0.06761008553384315,0.4710257949396258,3.0525303826445627,1.950360353078161,0.37367139795706383,0.5408371179231576,3.3614900739420026,2.5903621667197774,0.4854306993385156,0.5191643536245744,0.8093411908865122,0.5441524302814889,0.2600534426804996,0.6006609605485148,0.7906502538121496,0.30916565992374273,0.5841719808697459,0.6353739433806344,0.44533330926455256,0.7067331824760263,0.8654658831945667
6,0.00010000000000000164,13.644382311048961,0.0679237328070615,0.44146447556004637,0.3672288606564204,0.06462975428439677,0.46331386983039835,3.006349871414048,1.9340810286147254,0.3707409415216673,0.538720911528383,3.3555352401165734,2.5562571062928154,0.4781364801738943,0.5281480358887762,0.8280722446776962,0.5525477840585497,0.26160850211014863,0.6084033677604413,0.8204300647516304,0.3150155612572914,0.5885575943872696,0.6357173456861365,0.4466708570344791,0.7120362131100445,0.8798852562840928
7,0.00010000000000000164,13.446377193927765,0.06526463641563342,0.427401470747732,0.35278783333266067,0.06213281228251401,0.4573191478493668,2.951144484111241,1.921451981862386,0.36949227755623204,0.5308643542407524,3.321125842701821,2.5172236586610475,0.4701686569977374,0.5422324820869109,0.8383212801312694,0.5716292934948031,0.28406779999497817,0.6255051018985545,0.8325691517981586,0.3236568087410671,0.603264463005678,0.6519302782145934,0.47008911357501465,0.7280355712008197,0.8966274287967083
8,0.00010000000000000164,13.330737106005351,0.0645532752985933,0.42294297500380446,0.3526647936552763,0.06193776688361097,0.4523594666095007,2.918077188446408,1.91147581693672,0.36717674341939743,0.5281020398118667,3.298662098603589,2.488638034462929,0.46414692314962547,0.5459834896939622,0.8446276254362813,0.5789056247136746,0.3011208937308558,0.6204085122135954,0.8196297903965544,0.31948404173821116,0.5994106482314486,0.6504056758582557,0.4728565484705084,0.7194168521125089,0.8914696365423599
9,0.00010000000000000164,13.21372914484569,0.0643284588520016,0.41894028396123933,0.34754238123340264,0.061150207317301204,0.44825617316223326,2.868685470450492,1.8919954658973785,0.3635361255102214,0.5244576501704398,3.2860788582336333,2.47669951270024,0.4620585560266461,0.5522205522981003,0.853616019966362,0.5875540690598663,0.2976345033565389,0.6323738777909634,0.8351042904478279,0.32571906510975346,0.6031721482278252,0.6528709517488895,0.47313450748091257,0.7222832724277808,0.8854518565294205
10,0.00010000000000000164,13.08529484953199,0.06466264580819933,0.42260222392422814,0.3517441325421844,0.06138245738554923,0.4458976234708514,2.881919213136037,1.886333920984041,0.3620084109405676,0.5125942064360494,3.2123880086910157,2.4314792345677105,0.45228282835866723,0.5604091635333712,0.8639909368758999,0.5924912061857786,0.31369384447712173,0.6379394148889206,0.8237515407896958,0.3311091728548323,0.605787220365029,0.6519059467849085,0.46492367493463493,0.7244553524699767,0.8886313482283065
11,0.00010000000000000164,12.9128377307029,0.06248744647240355,0.413124860361928,0.33770997195194163,0.05898448870339919,0.4443892674786704,2.8472970692884356,1.8809193141403653,0.3609566052222536,0.5042676912177176,3.17190391456797,2.386222884342784,0.4445742197689556,0.5698233921076148,0.8662417218176054,0.606230269145299,0.3270255554626412,0.6483257285879096,0.841847108287422,0.3350301562219256,0.6234167514377147,0.6688013940292981,0.4928641750082273,0.7421151061454965,0.8943489042763366
12,0.00010000000000000164,12.897232483114514,0.060968543387328586,0.40179831311106684,0.3289306411608344,0.057334538640099623,0.4374050842509383,2.813137860383306,1.872461789988336,0.35909927444798606,0.5099963433330967,3.211669018013137,2.3979470450253713,0.44648402116837954,0.5711636213935033,0.8689411253971321,0.6056621107888189,0.3359548445366716,0.644893166436807,0.8228117909081061,0.33512027570072606,0.619046881060689,0.6648799493663711,0.49542023859928624,0.7344880197325117,0.8870854925293963
13,0.00010000000000000164,12.842720125402723,0.061691225269099786,0.4043348816533883,0.3288909013250044,0.05726354884737659,0.44153657252235073,2.846141148748852,1.8757832148245404,0.3603009687647933,0.5017810888056244,3.1555089497850055,2.368963883746238,0.44052374067583255,0.5802435265387413,0.8778825897833563,0.6130330754198112,0.3415780636898603,0.659786798270877,0.8458003693857858,0.33827430105916767,0.6250682750158794,0.6729718476126421,0.49015710404276164,0.748857074689857,0.8990807745675958
14,0.00010000000000000164,12.875747979822613,0.06357249656159963,0.416547581659896,0.33851409995307524,0.058979239150704375,0.43594602477692423,2.8276414201373146,1.8672188255048934,0.35811559873677434,0.5063172515126921,3.1786404762949263,2.381831635038058,0.4424233417958021,0.5865492535579353,0.8827074084371482,0.6240219328910028,0.34914135972839344,0.6622445053627032,0.8510390943505295,0.3397003274204099,0.6313196764464621,0.6743971606728028,0.5056083116577987,0.7470075380186768,0.8952569884184796
15,0.00010000000000000164,12.663121994336446,0.0609486819488839,0.3999327870529322,0.32694610403407187,0.056950069657926046,0.4331388187550363,2.7969308130797885,1.8610841700008938,0.35696453606443745,0.4954576450799193,3.114219827879043,2.3283857188054493,0.4321628245037226,0.5874352889692264,0.8883547162094478,0.6256980463090502,0.352009445515365,0.6651124718779536,0.8339886986837561,0.3420235085758788,0.6302029733695226,0.6742975961782458,0.5070242413160632,0.747312885131673,0.8809815373165303
16,0.00010000000000000164,12.710885962418148,0.06107328281338726,0.40184087983909106,0.3245285421432484,0.05634802598727956,0.4304249755151215,2.797109267825172,1.8626690066996074,0.3572726127115034,0.5005148616929849,3.146963302720161,2.339144497045449,0.4329967134942611,0.5899095402628604,0.8890463321246828,0.6185472002254546,0.354657725894109,0.6685836898601728,0.834024256454725,0.34106217028807817,0.6340272813304063,0.6802985293615815,0.5124268150780299,0.7539056202339347,0.8977595628240546
17,0.00010000000000000164,12.577349812076205,0.060833295911461825,0.4017740535771563,0.32253204211592673,0.05568090284997154,0.42703938008773895,2.7737344914958593,1.8497380858375914,0.35452469374452317,0.49228729829192164,3.1020768048507827,2.309606840284098,0.42752191333898476,0.5918305018740024,0.8912534347952163,0.6308966777847484,0.3552815678774505,0.6676878345827304,0.8380462053324275,0.3408906914641881,0.631938066959519,0.6782907116676378,0.509503796790495,0.7519695917594673,0.8838464727460833
18,0.00010000000000000164,12.432731516020638,0.05841097287567598,0.3871612513171775,0.3128265033520403,0.05404493474578928,0.4237660010833116,2.7524584764526003,1.8466006101596923,0.3538876199296543,0.4844166734743686,3.053100244275161,2.2829226662005695,0.4231355546308415,0.5979387882894439,0.8974217162012139,0.6320198831293927,0.3631600772914757,0.6761002817210902,0.8442578073309234,0.3442975945963621,0.6371985329046681,0.6800754136389899,0.5143687243655474,0.7495889453504522,0.8870941436285922
19,0.00010000000000000164,12.543422746658326,0.05974972979830844,0.39123089450101056,0.3170946373471192,0.05530816107500522,0.42667092822846914,2.76284961714631,1.8486320576497486,0.35470528102346827,0.49248917012342386,3.095929173983279,2.310416476144677,0.42834661892127424,0.6015892299965364,0.9002839863251437,0.6384062554955836,0.3704166137118603,0.6790855996649846,0.8561520888829621,0.3463758053200735,0.6416425244839223,0.6836490562855757,0.5184802801503735,0.749522891385767,0.9094107690469007
20,0.00010000000000000164,12.534701511405764,0.05824552048884687,0.38852910273486657,0.3140596468622486,0.054351186379790306,0.4239420447853349,2.7400685899314428,1.845904506104333,0.35388638228178027,0.4931353010946796,3.114123877670084,2.3186849345053946,0.4297704344349248,0.6032493579006074,0.9011171393975994,0.6452042326312639,0.37573517723859035,0.6792875858214469,0.8507724444214089,0.34740409110578613,0.6410999261643038,0.6841349194868098,0.5159015079551136,0.7509603512207084,0.9018101811352066
21,0.00010000000000000164,12.411236717019761,0.057106855913021025,0.3792236130862009,0.3112142990298924,0.054075485840439794,0.42747539915144445,2.7466389434678216,1.8391023878540311,0.3530125368209112,0.4820232489811523,3.054078213302862,2.2836500385687466,0.42363565576573214,0.6048278080868423,0.9025980152602235,0.6480808897916471,0.375114988704891,0.6799351870311017,0.8473604726493248,0.3466558719353307,0.6419237809184574,0.6860967684394343,0.5225902630159175,0.752530054449286,0.8955292613897154
22,0.00010000000000000164,12.460055146330879,0.05818524636727359,0.38445677163877656,0.31712448317557573,0.05518741974873202,0.4227974660694599,2.7317187634252367,1.838358346195448,0.35259860165062407,0.4899212176068908,3.084366134376753,2.2989949926733972,0.42634570502809116,0.609282218414934,0.9043968475260394,0.6564807553247117,0.37712238573678103,0.6875701794558315,0.8491575514265708,0.35192088585004266,0.645247255074041,0.6864374759934968,0.5151841344752742,0.7556513065705123,0.8965730213504035
23,0.00010000000000000164,12.337804026830764,0.05690568592399359,0.3784392633076225,0.3085797526297115,0.05358240963403313,0.42440548251782145,2.7399679449342544,1.8355483763274691,0.3520955616519565,0.47817879085029874,3.0238655594842774,2.2663773186859633,0.41985788512088,0.6100217927058501,0.9056328955259897,0.6579819392857077,0.37772063097473335,0.6888330739550289,0.8472800414285205,0.35268668998833524,0.6453571422760181,0.6879568907025753,0.5181707215939372,0.7575605029223224,0.8924358754480503
24,0.00010000000000000164,12.282541110402061,0.05798141025893745,0.3853746231645346,0.3147699342508401,0.054404386864709005,0.41978924073988483,2.7182077224765506,1.8313083519538245,0.35091216310503937,0.47633099059263867,3.010816005865733,2.2469882374718075,0.41565804444253446,0.611344975470368,0.9073434685232764,0.6583616745670631,0.3788577222133886,0.6896630069966262,0.8480126497390063,0.35283813768169686,0.6458999450731304,0.6885995006887585,0.5188857993164828,0.758875727594208,0.8945524859239938
25,0.00010000000000000164,12.224470712457384,0.05622834975919908,0.3737685785052322,0.3038893803510638,0.052531962768573845,0.41915669377361026,2.704381352237293,1.8296816005593255,0.35018721426881494,0.4745400129861775,3.0060123316588854,2.2400266389052073,0.41406661401547135,0.611361761274409,0.9083035516120757,0.6608973482509476,0.38102425910523596,0.6900520871540827,0.8466152897672875,0.35310604191157346,0.6468871112741599,0.6883904501825329,0.5208462333208895,0.75781962844941,0.8932379208829506
26,0.00010000000000000164,12.402677002407255,0.05635654286348394,0.3719646660522336,0.3010224821045995,0.05222317150217436,0.42111035425748145,2.7206709793635775,1.8403341875189827,0.35303099552790324,0.4881778866939601,3.0794109746104197,2.29268643707037,0.4256883188195172,0.612792531948334,0.9088530540340987,0.6576877171714475,0.3836156160970684,0.6895923544664597,0.8503164335676949,0.3538255602571441,0.6479656003518995,0.6879935167026977,0.5209086696824808,0.7586435405842923,0.8963095232873982
27,0.00010000000000000164,12.245928068388077,0.05702998745033429,0.37965195483217634,0.30551785646627344,0.053176864449466975,0.4164856164583138,2.6969053624641326,1.8282771725030171,0.3505465004415739,0.4776534689856427,3.0172586580827123,2.2476818760945685,0.4157427454101188,0.6143322484441293,0.9113685294810299,0.6621520706933472,0.3911255507015041,0.6876966904187529,0.8509289981916617,0.35440528067392246,0.6496938457332746,0.689638131712546,0.5295485121239364,0.7574002609677087,0.8937674110071926
28,0.00010000000000000164,12.135770474729084,0.05632007748243355,0.3762468639229025,0.30625789151305244,0.05310188049140076,0.4167961764725901,2.691844602709725,1.8225742091735204,0.34892710981269676,0.4684813484904312,2.963530454252447,2.2207442811557225,0.4109455668500492,0.6140048947918807,0.9113009469218913,0.6635985335017082,0.39136411341452393,0.6875434806318776,0.8507062907318351,0.3548758948295988,0.6490713987512429,0.6894374101304586,0.53108428764443,0.7573618226300863,0.8926442460535375
29,0.00010000000000000164,12.222102889560517,0.055485721132052794,0.37009575510663645,0.2955099385941312,0.0510206670300769,0.4175374152582316,2.7105004126117342,1.823263772754442,0.34915500590134235,0.4747873561545497,3.0097003502505166,2.248617463594391,0.4164290247041555,0.6148024757351469,0.9123170820831461,0.6619053574297511,0.3905283431651391,0.6876823284691974,0.8498495784312196,0.35384614159198996,0.650490189557194,0.6916679563940719,0.5341647564063906,0.7602113313996692,0.8961950885610745
30,0.00010000000000000164,12.203110136872246,0.05839739273568349,0.3918417568008105,0.32142138227465605,0.05535156568068834,0.41708780362137726,2.719276741288957,1.8213698567379089,0.34854856406648954,0.4686724899957577,2.977016097520079,2.214702310377643,0.4094241907021829,0.6148173369950529,0.9119493948396719,0.6590109400938191,0.3905176776563178,0.6890332770972697,0.8483422362332331,0.35270596670031373,0.6489444171724458,0.6902918120485222,0.5313192533984012,0.757395847961383,0.8951924866525333
31,0.00010000000000000164,12.114765008858273,0.05617714730934018,0.3752067846733899,0.30338633677789145,0.052425177887614284,0.4092020598728032,2.657469087413379,1.8172916344233923,0.3475581936006035,0.4718045097110527,2.993132777866863,2.220257008856251,0.41085430142425355,0.6151619910052681,0.9126531541787909,0.6636277962443883,0.3934083561699249,0.68948151863559,0.8474710013663167,0.3530540594326447,0.6495611792317185,0.6910313321409822,0.5322204895557002,0.7565716735597131,0.8947718278678574
32,0.00010000000000000164,11.972562131995247,0.054931628431326575,0.36520793374095645,0.29262546272504897,0.05059934888545069,0.4098607022315264,2.643552663070815,1.8138950328032175,0.3474222521164588,0.46423503387542,2.9438953892106103,2.1831442565435455,0.403192446673555,0.6166217270534956,0.9160567157782114,0.6626465698168936,0.39187802169874125,0.6931348047330097,0.8466119562549786,0.35276468651175463,0.6507027619849645,0.6920971334091335,0.5305575087486231,0.7598134900185091,0.890613522498919
33,0.00010000000000000164,12.081880240213303,0.0551703957308616,0.36538298821875026,0.2921811478478568,0.050698046807554506,0.4085004769620441,2.6309705966994876,1.8150695279950186,0.3475715478083917,0.47622712671401957,3.0176958329620813,2.2134244105645586,0.4089881496237857,0.6178197554092915,0.9175532187619836,0.6621893144300837,0.39115098973011353,0.6930892579199004,0.8481014211368345,0.35438686231486705,0.6519370959038719,0.6930146615301851,0.5295187507328392,0.7589144057656771,0.8918684275753087
34,0.00010000000000000164,12.021880147570656,0.0545244859354127,0.3626517833343574,0.29540462919643945,0.050965348551315924,0.41005175503946484,2.6480437742812293,1.8112862663609641,0.3466370496721495,0.46654815084877466,2.9606513569752377,2.2069528655636876,0.4081626735095467,0.6196278438052968,0.9168071799633186,0.6611600490048612,0.39410957611894504,0.6946569033168392,0.8485031288375179,0.3557294584176509,0.6539072344811095,0.6953458426996026,0.5344975659615688,0.7619429311519776,0.8931450170503163
35,0.00010000000000000164,12.037650738443647,0.05515173521957227,0.3650309414026283,0.29065374608728145,0.05025461456028833,0.40572651679671945,2.625999955478169,1.8127915715887433,0.34728664402805626,0.47447792472583905,2.995696787039439,2.2066696810580435,0.40791059741306873,0.6198082115952913,0.9165672668003724,0.6633821044368866,0.3969906627826424,0.6945963906868414,0.8489929820290771,0.3561725312099113,0.6543034178408066,0.6952606812559837,0.5313467604793556,0.7626009489084737,0.8942281848328482
36,0.00010000000000000164,12.0117356748808,0.05465419869648204,0.3638401096775418,0.2947415588778399,0.0506843245588243,0.410884286551958,2.657624603169305,1.814244935058412,0.3477208910066457,0.46659100836231593,2.957023373388109,2.1896237703306336,0.40410262743631997,0.620210748864757,0.9165679959705834,0.6632948805761485,0.3977563149947318,0.694841230405058,0.8506934014540981,0.3568802924372071,0.6536094242000854,0.6941963290369052,0.5306870268045247,0.7598594644722915,0.8952857328255245
37,0.00010000000000000164,11.974672127337683,0.05382467203197025,0.3588720305689744,0.28473427606125673,0.049159921974032406,0.4029106071130151,2.597990838828541,1.807959880573409,0.34676057673281147,0.4732191341263907,3.0059869692439123,2.188651523277873,0.40460169434192633,0.6224460279030597,0.9165814027506363,0.6696600906830106,0.40206688366845267,0.6963586907607467,0.855156230642018,0.3582620870276977,0.6545956348631704,0.6951200615018114,0.5307554446247068,0.7613577124034436,0.8980418190979746
38,0.00010000000000000164,12.073682160036904,0.0552349257682051,0.37137966682868345,0.2961197975579472,0.050761641211630334,0.4032397641489903,2.6147450584740866,1.8089068798791794,0.3464432033931925,0.4784320231704485,3.0413903288188435,2.200036964388121,0.40699192634118453,0.623452296051715,0.9168854423278379,0.6703210844700567,0.4026955930069242,0.6983627063449694,0.8563722393417157,0.35954545410482136,0.6550273342928922,0.6955011392644945,0.5294436262559743,0.762438734527391,0.8983129777878978
39,0.00010000000000000164,11.952104597432273,0.05471072626921038,0.36414969806515035,0.28904345757549715,0.04995411822040166,0.39874421844170205,2.5926578182549704,1.8070145997263136,0.3457092191669203,0.4736422527049269,2.997864496282169,2.1763653709065345,0.4022486245525735,0.62440022760435,0.9176794887137693,0.6735231166576146,0.4052399548360103,0.7005775682032701,0.8551509246229518,0.3600026230299453,0.6566607603430342,0.6968816646205798,0.531736933720002,0.764632143112165,0.8970132081549373
40,0.00010000000000000164,11.81408684991655,0.054379227065614294,0.3613017874814215,0.2955646810166183,0.05107523305785088,0.4014638471106688,2.602226461399169,1.799270951180231,0.34394408732297876,0.4578054105064699,2.9011206458721843,2.1483863054996446,0.3975481628662064,0.6253678654662287,0.9211163153457294,0.6725591167668837,0.40586386985420553,0.6996830709076854,0.8562909133213028,0.36064630726995367,0.6577326842561816,0.6995187081068457,0.5364439492965226,0.7675302723662878,0.8958409896962255
41,0.00010000000000000164,11.907872557072412,0.053484429771612794,0.35866543162791503,0.2871166545897722,0.04931538268990283,0.4023291003668592,2.5961933211201713,1.8030237849269595,0.3449234653264284,0.46591891868128665,2.9673570557009605,2.1772831620205015,0.4022618456965401,0.6270810957356018,0.9222006568075384,0.6751349571752342,0.4091226353842471,0.7017782974731216,0.854915097308011,0.35991686831325115,0.6591523651936121,0.7003851019396946,0.5387877500896816,0.7671886364527044,0.8960923855402987
42,0.00010000000000000164,11.856626690569378,0.05229216327092477,0.34867534238312925,0.2812052159171019,0.04855867333798891,0.4005390942628895,2.5917385572478886,1.7995873185850324,0.3444264500623658,0.46389741270492474,2.947457106340499,2.176193503325894,0.4020558451080606,0.6286907585647369,0.9235179012976807,0.6758571185468819,0.40866009114168944,0.7032930976209405,0.8595579781901216,0.3601851107045789,0.6609877715703264,0.7018904957729624,0.540664530621752,0.7678126633621792,0.9007511261139843
43,0.00010000000000000164,11.752668496540615,0.05225035778379866,0.35072507533643926,0.28517258377479654,0.049047452532908035,0.4017147290564719,2.6066897595212573,1.7935043185949326,0.3430205272954135,0.45466218080726406,2.8896034534488404,2.1328150357518876,0.39346301301959014,0.6275819303615022,0.9209468584920861,0.6731949963038507,0.41332259263313836,0.7013943045203053,0.8548199001948789,0.3606018414513834,0.660964054389258,0.7017697238046819,0.5433700368852283,0.7673712455490225,0.8964840072230161
44,0.00010000000000000164,11.72763470468067,0.0534798375308691,0.3572478020829814,0.2877984850800463,0.04949155001945439,0.39622162628386703,2.5707432470151357,1.79390707498505,0.3428096660723289,0.45596610154247,2.8971444879259383,2.129613852359,0.39321098740079574,0.6300350298737463,0.9239903464451079,0.6743198478301284,0.4176099192639971,0.7036886899807094,0.8567554756488159,0.3609618757751133,0.6625680423287791,0.7031378645491676,0.5456754392193524,0.768382515104774,0.899763808910486
45,0.00010000000000000164,11.753819189185188,0.052553546792339714,0.3506546980568341,0.2834286264720417,0.04886575651443785,0.398674146139196,2.5787183575686954,1.7933128527232578,0.34297747956145375,0.4570668409622851,2.907728908246472,2.1436357183115824,0.3962022537188161,0.6304988000413871,0.9248450877083856,0.6750529170899878,0.4167198496622845,0.7039286719518897,0.8580108603952518,0.36113294580838945,0.6635075635911775,0.7034758216263044,0.5447184228427091,0.7688889458141973,0.9006333741278774
46,0.00010000000000000164,11.840559563750313,0.05206478524820081,0.34800264686346055,0.2786629325665888,0.048107000327269944,0.3963607850174109,2.5793788552284242,1.796114202340444,0.3435488834444966,0.467070560973315,2.9614062581743514,2.1693732413507645,0.4004693972301625,0.6307818937655804,0.9253377454664776,0.6767045229261585,0.41878958074660144,0.7047401394078133,0.8595257884010612,0.36105818394793154,0.6629611142036552,0.7033454191369516,0.5454298610296971,0.7696135463360285,0.8996599628262232
47,0.00010000000000000164,11.747473620800745,0.052970222320540675,0.3561365823571881,0.2891076833807996,0.049793599481650054,0.395936549437188,2.5662782619396847,1.7893695026636123,0.34195045099726745,0.4566953114721747,2.913090580559912,2.1408802706570853,0.39526461968641907,0.6327358390371376,0.9256077167877539,0.6774365768329448,0.42138055607949837,0.7065041333189631,0.8608108703735476,0.36249744439112264,0.6652590113456104,0.7053422529882764,0.5481413926588437,0.7706824845280367,0.9040766996818003
48,0.00010000000000000164,11.68447766304016,0.05251471444166132,0.3515183782471078,0.2869668506618057,0.049374652920024735,0.39678993455710865,2.5718572122710093,1.7905888475122906,0.34174577230144115,0.45224345995201953,2.880936081210772,2.1191458841164907,0.3907958746045118,0.6337377163057402,0.9261982128458995,0.6783543013838823,0.4267862559207514,0.7066116652246529,0.8582521691503997,0.3635883699071653,0.6664086423950476,0.7062277590649052,0.5501251807506553,0.7705953399587229,0.9035227506487259
49,0.00010000000000000164,11.737831107207708,0.05206302320141168,0.3483810505075824,0.28240167969571695,0.04868477320941608,0.39989938718222434,2.586392272654034,1.794523680635861,0.3434028468671299,0.4539551192451091,2.891508581170014,2.141097816044376,0.395520855282389,0.6345849695308915,0.9266145980293162,0.6809183729974517,0.4304860078937444,0.7064730908634536,0.8587513363960879,0.3639576042304371,0.6666898289604628,0.7078513182356053,0.5519655843648459,0.7728985374220021,0.903627928936477
50,0.00010000000000000164,11.741314806824638,0.05295388993274953,0.35096851048015415,0.28778354053696,0.04981677775892119,0.39575856115136826,2.5763684198969887,1.7882282092457726,0.341856720014697,0.4584748614313347,2.9146750174108007,2.131083530968144,0.39334675739741043,0.6356994567953896,0.9286053858892579,0.682600923006872,0.43201097374016434,0.7065820367679291,0.8620719204483418,0.3639665854941782,0.6674868377629922,0.7086260288666619,0.5546536170087045,0.7725947222534503,0.9065127094466628
