epoch,learning_rate,loss,loss_bbox,loss_bbox_aux,loss_bbox_aux_dn,loss_bbox_dn,loss_class,loss_class_aux,loss_class_aux_dn,loss_class_dn,loss_giou,loss_giou_aux,loss_giou_aux_dn,loss_giou_dn,loss_main,loss_dn,AP,AP50,AP75,AP_small,AP_medium,AP_large,AR1,AR10,AR100,AR_small,AR_medium,AR_large
1,2.584922499999999e-05,23.82137002593787,0.18313301557516173,1.1076392264271429,0.9048055158855841,0.17708768643612086,0.6614311023709155,5.001645750113467,3.0826195104177607,0.5223856258473193,0.9385099010758622,5.594122235165086,4.718021449308063,0.929969017848719,13.486481230727636,10.334888805743567,0.36801308529256965,0.737828533476649,0.3107884583524877,0.25624671103879176,0.43489820070619695,0.5652062882080225,0.1816106776422791,0.4864573134095639,0.5642517573934855,0.47857347619203217,0.6077388557944112,0.7282794072245287
2,7.730004825581412e-05,16.08525315643281,0.09558144100587959,0.5913977775607229,0.5029711731124756,0.09072912733482066,0.5320514309718165,3.7139412028382917,2.0949602795894755,0.3998678334115088,0.6217647260127142,3.768860478849374,3.090545506093853,0.5825821639204672,9.323597057238798,6.761656083462601,0.4513770361640356,0.8268399038588375,0.4154805149390724,0.31707749303783833,0.5225637519118709,0.6590236997220368,0.2131856383213633,0.5443112007989327,0.6150881821344769,0.5373988083940593,0.6521604434659988,0.7768583442359775
3,0.00010000000000000188,14.974187101504599,0.08792585653953197,0.5456858710060979,0.43811507273263245,0.07882442607638217,0.5105537871808506,3.274077596128449,2.0200557245533597,0.389734941599674,0.5974639656758586,3.6458374671926794,2.850261493824249,0.5356509011209936,8.661544543723467,6.3126425599072915,0.45553745445460164,0.8375061422613298,0.4095931574684999,0.32530879284080677,0.5145166249461819,0.6763474220657145,0.21159948424582606,0.5442245641714801,0.587803135337083,0.5073909930052818,0.6231437043751858,0.7653764976053986
4,0.00010000000000000188,14.605279262675795,0.08363879417690138,0.5228170456523581,0.40996477257662506,0.07363851355612566,0.5060195198297038,3.2020996820557026,1.9937147248622984,0.38578107193574424,0.5824102160138215,3.585499720402466,2.7455185555903485,0.5141766384215087,8.482484978130953,6.122794276942651,0.4504171161607374,0.8111538591216624,0.42381674712940104,0.35034184746506175,0.49524413886358787,0.5849354871665814,0.20423251691673852,0.5494118911818205,0.6026754160640835,0.5435747261179156,0.6253350576035761,0.7216683745195809
5,0.00010000000000000188,14.373932749726052,0.07979046851540952,0.49971964793611867,0.3850883305246054,0.06904126919603856,0.4985040669697662,3.1453471756720726,1.9805987068386965,0.3838339257956475,0.5770967303695835,3.551519443244897,2.698192674406739,0.5052002939114044,8.351977532707847,6.021955200673132,0.4656161398405519,0.8409820852858426,0.4442002424563617,0.36104342339781276,0.5141956551741782,0.6037592756441635,0.21181340258390877,0.5586767183730248,0.6077926225567586,0.5494338343928818,0.6304875392097614,0.7263810534554229
6,0.00010000000000000188,14.224097505096317,0.08198142729612977,0.5152634844588216,0.40048173569547113,0.07179340509185206,0.49694196741248287,3.136910825736763,1.966728734531144,0.3813916793049768,0.5636020690029444,3.4738993228868,2.6419756336267604,0.4931272332116153,8.268599096793942,5.95549842146182,0.467052953717871,0.8347621624621296,0.45345318045643707,0.3462980960582999,0.5220817687251739,0.6396869540386393,0.21032740253294951,0.552501790463229,0.598104669012211,0.5291344567007035,0.6279554591499037,0.7398522439794141
7,0.00010000000000000188,14.029806431873824,0.07841930392941879,0.49440047101572504,0.37891179357850274,0.06774286703971871,0.49244521151101867,3.0837437309498013,1.958575921580773,0.3796484583858834,0.5560298542990241,3.446969528992971,2.6064786332291225,0.486440645675211,8.152008100697959,5.877798319489211,0.49448729237600164,0.8629976681906901,0.4785918200097064,0.3604321501297719,0.5583683862292431,0.7124637195462596,0.22979576937148963,0.5745061382456197,0.6240716609864904,0.5432521293681731,0.6626348000422075,0.7847315461703668
8,0.00010000000000000188,14.047110519667928,0.07765551540249771,0.49061770149499406,0.37596429924863256,0.06721181584009539,0.485851751770391,3.0399915119705274,1.9545449787794158,0.3790451754028945,0.565602301165115,3.5091379839320513,2.6135399864856588,0.48794752030178556,8.168856765735576,5.878253776058482,0.4729504639965353,0.8463696550219243,0.45065194598815467,0.3601360851538715,0.5276986553769653,0.6271766900336129,0.21373031274386559,0.5577603860184402,0.6090266253224675,0.5338863584138552,0.6452270041344115,0.7444582474120368
9,0.00010000000000000188,13.845699461855629,0.07520616044608024,0.4768848832869946,0.3637794841066465,0.0648338715563882,0.487088393419981,3.058983623981476,1.9484668493039847,0.37792028353888857,0.5506903466068266,3.4101362309252568,2.5559476743372835,0.4757616368606109,8.058989638666615,5.786709799703802,0.4767458829980836,0.8537172611104235,0.45769336760704915,0.36104912400939104,0.5314506425737707,0.6494847409127978,0.2196912342126907,0.5667829559840072,0.612479786324191,0.5421654840954174,0.6424176618991434,0.769257677315061
10,0.00010000000000000188,13.722719596337903,0.07601200460181969,0.4797366442115501,0.3666615294393643,0.06537788042387124,0.4869791015751602,3.0623261685981307,1.9401412592377774,0.3758345760491698,0.5396689367011305,3.339954928834309,2.5206919827664547,0.4693345905592044,7.9846777845221,5.738041818475842,0.48578697958564987,0.862414942318584,0.4645054650205264,0.36971752161371924,0.5419076876070184,0.6379152153430651,0.2219630992305121,0.5694699843760714,0.6172037301936115,0.541999317283232,0.6528797951020172,0.7569366815708862
11,0.00010000000000000188,13.669530400010043,0.0740106339284847,0.4683465921255045,0.35770924035604146,0.063624952679731,0.48608662098530653,3.0503857850797416,1.936056246360143,0.3751958409656388,0.5384223930855361,3.335124840454538,2.5158328196799107,0.4687344347408345,7.952376865659112,5.7171535347823,0.4861497688941826,0.853855495453193,0.47371239678619476,0.3636182714796407,0.5432328558671891,0.6744286504248235,0.22008830749904754,0.5723422935347856,0.6188055060985437,0.544350632632001,0.6494389790593493,0.8037409939679082
12,0.00010000000000000188,13.59158401526222,0.07407581486537071,0.46727469136086547,0.3575316927171955,0.06349736515454255,0.48346400916460874,3.0471582911735355,1.9367820792650992,0.3751011927460515,0.5330948828279164,3.299370284690413,2.4912521729404613,0.4629815781792236,7.904437974082709,5.687146081002574,0.48231799871132325,0.8565187068178075,0.46516719977089566,0.36012774079261006,0.5393362787698788,0.6770099965404706,0.22336844249812507,0.5694394621375772,0.6127496276914973,0.5340817706114699,0.6477486642301458,0.7905451620743709
13,0.00010000000000000188,13.591578042784402,0.07494589203766497,0.47340454782048863,0.35636976533100123,0.06337132959359491,0.4763079974655957,3.013739000226176,1.9329363821550858,0.37480230643883233,0.5390401181093482,3.328644802866056,2.494163790992064,0.463852114657792,7.90608235852533,5.68549568916837,0.4841896208713231,0.8555431912215195,0.4709632327654399,0.3613382569061201,0.5434123053098853,0.66435182354049,0.22285631379406776,0.5667662283748083,0.605078986239759,0.5302914408035201,0.6368746582635472,0.7825602593448661
14,0.00010000000000000188,13.545700510342916,0.07302220338457373,0.46150108750245367,0.35115457002737727,0.06238036237787022,0.47624212136679844,3.0130667210549347,1.929642260536667,0.3740465991603312,0.5376517258064691,3.318062950705373,2.486286753831908,0.4626431505722824,7.879546809820603,5.666153696506436,0.48465839344385386,0.8568822779024134,0.4738667033963886,0.36054036467449174,0.5419259916160083,0.6676533179233233,0.2223955572737915,0.569554104987101,0.6104475988164745,0.5394218112016996,0.6404484709392116,0.7715724959306329
15,0.00010000000000000188,13.390022937641588,0.07076247928613551,0.4502269658007363,0.3400196208105993,0.06050978387280028,0.4774845452156178,3.0084462687950726,1.9256799105525941,0.37345640482597575,0.526676166831523,3.2611686826445334,2.4417002481776615,0.45389187539559467,7.7947651085736185,5.595257843635226,0.48085460196969587,0.8532897845359994,0.4669428986846591,0.35861204440621486,0.5356333250292395,0.6727357369078575,0.22009460118099067,0.5671887245596187,0.607188764314161,0.53945311082898,0.6358924285590952,0.7516746536466826
16,0.00010000000000000188,13.38464941165244,0.07276644085555575,0.46049952791469506,0.3484100323358132,0.06195983615732759,0.47335432568030766,2.9758853648984154,1.9246247038822766,0.3729793563369633,0.5261639351848253,3.269781633287437,2.444270759820938,0.4539535024542679,7.778451227821236,5.606198190987586,0.4804282160928065,0.8532233437508354,0.46805923757300255,0.3573490788448615,0.5358239920118743,0.6792073202723323,0.22030850220026302,0.5672087060715262,0.6046842301315131,0.5374879727533042,0.6319153045171563,0.7580769874718478
17,0.00010000000000000188,13.339197008184684,0.07244040270863,0.45675204155692295,0.35000385624869157,0.062118733740346724,0.4738433536344258,2.9963517445464465,1.9210813328508258,0.3720877025305301,0.5205575658744851,3.225608527313831,2.4357020833002503,0.4526496391252492,7.745553635634741,5.593643347795894,0.4800122846474428,0.8544246594110491,0.46786840176522426,0.35814535763124006,0.5342560776976433,0.6752630664028925,0.22171991721975992,0.565358014842378,0.6019442777508942,0.533462655886085,0.6301798828743274,0.7550756940811266
18,0.00010000000000000188,13.272330504979275,0.07124856715234965,0.4499457099352234,0.3423814635738268,0.06115534124614368,0.4689893086635789,2.9724437444247016,1.9174721295288366,0.37155107876589133,0.5205129767053349,3.221721195550852,2.424054736545844,0.45085425347147523,7.70486150243204,5.567469003132017,0.4806912099232302,0.8573447443120237,0.46758243520065323,0.3603199480304731,0.5333997595169738,0.6783954796485118,0.22083115792018196,0.5664737237040431,0.6026180283489507,0.5337217724243672,0.6306608655404952,0.7593619944139649
19,0.00010000000000000188,13.242716635382452,0.070925482148088,0.4499707749156758,0.3422688797563892,0.0608851581598928,0.4701353897766549,2.9709648470314898,1.9118080016716505,0.3705578946559004,0.5176239237189293,3.211046574189681,2.4171010788327965,0.44942863454479115,7.690666991780519,5.552049647621421,0.48079549455417475,0.8578396340299259,0.46575428838238697,0.361056819149449,0.5343649032004711,0.6751371951670165,0.22190540351608062,0.5664278386310918,0.6018651917311707,0.5307697212762943,0.6323653702264814,0.7557334226939694
20,0.00010000000000000188,13.183833782987078,0.06961188104379085,0.4409343255467193,0.33479361363159593,0.059425575770582106,0.46905989479995513,2.9646530417046804,1.9119511260542759,0.37052596753188805,0.5158380903448014,3.199132927281912,2.402042562069819,0.44586476046851903,7.65923016072186,5.52460360552668,0.4798708209539812,0.8565972916255827,0.46323948038639307,0.36123850287868187,0.5336486947594599,0.6692706178696896,0.22187889412468023,0.5672123196019572,0.6019777992924634,0.5319821828205061,0.631845487160302,0.7517651213396532
